section,metric,value
metadata,synthetic,True
metadata,scenario,staged-compromise-demo
metadata,seed,84
metadata,benchmark_runs,1
metadata,model_random_state,17
detection,precision,1.0
detection,recall,0.9047619047619048
detection,f1_score,0.9500000000000001
detection,roc_auc,1.0
detection,average_precision,1.0
detection,held_out_normal_false_positive_rate,0.0
detection,suspicious_run_detection_rate,1.0
mitre,supported_observation_count,6
mitre,mapping_coverage_on_benchmark_positive_steps,1.0
mitre,unsupported_mapping_count,0
mitre,conservative_mapping_check,True
correlation,candidate_creation_coverage,1.0
correlation,first_correlated_sequence,1
correlation,first_high_priority_sequence,11
correlation,evidence_count,11
correlation,causal_sequence_compliance,True
prediction,top_1_technique_accuracy,1.0
prediction,top_3_technique_accuracy,1.0
prediction,mean_reciprocal_rank,1.0
prediction,next_tactic_accuracy,1.0
prediction,next_asset_top_1_accuracy,0.0
prediction,next_asset_top_3_accuracy,0.25
prediction,objective_ranking_accuracy,0.5
prediction,prediction_coverage,1.0
prediction,insufficient_evidence_rate,0.0
prediction,mean_prediction_lead_sequences,1.25
prediction,predictions_before_observation,4
prediction,predictions_after_observation,0
prediction,baseline_comparison,"{""limitations"": ""Tiny synthetic manifest; not production performance."", ""name"": ""most-common-valid-transition"", ""next_asset_top_1_accuracy"": 0.0, ""top_1_technique_accuracy"": 0.25}"
response,playbook_applicability_coverage,1.0
response,correlated_paths_interrupted,5
response,predicted_paths_interrupted,0
response,sensitive_reachability_before,4
response,sensitive_reachability_after,4
response,mean_operational_disruption,0.075
response,approval_tier_distribution,"{""administrator_approval"": 2, ""analyst_approval"": 5, ""automatic_candidate"": 3}"
orchestration,successful_synthetic_workflow_count,1
orchestration,policy_block_count,0
orchestration,approval_count,1
orchestration,rejected_plan_count,0
orchestration,verification_status,successful_simulation
orchestration,rollback_count,1
orchestration,audit_chain_integrity,True
timings_seconds,simulation_start_to_first_anomaly,0.3250065000029281
timings_seconds,first_anomaly_to_first_mitre_observation,0.03881800000090152
timings_seconds,first_anomaly_to_correlated_candidate,0.02888649993110448
timings_seconds,candidate_to_first_prediction,0.0427759001031518
timings_seconds,playback_completion_to_response_recommendation,0.08890249999240041
timings_seconds,orchestration_creation_to_approval,0.014483900042250752
timings_seconds,approval_to_synthetic_execution_completion,0.022246299893595278
timings_seconds,verification_duration,0.021003900095820427
timings_seconds,rollback_duration,0.028018999961204827
